employeeName,phoneNumber,email,reportsTo,profileImage
Dorie Bloggett,9887300192,dbloggett0@timesonline.co.uk,65ef696bfc13ae07fdcd367e,http://dummyimage.com/176x100.png/cc0000/ffffff
Carin Sprey,9907463466,csprey1@bandcamp.com,65ef696bfc13ae07fdcd367f,http://dummyimage.com/176x100.png/ff4444/ffffff
Heather Graalman,9975703751,hgraalman2@alexa.com,65ef696bfc13ae07fdcd3680,http://dummyimage.com/175x100.png/dddddd/000000
Sosanna Gyrgorwicx,1653524145,sgyrgorwicx3@berkeley.edu,65ef696bfc13ae07fdcd3681,http://dummyimage.com/129x100.png/5fa2dd/ffffff
Gwenneth Drewet,7047332050,gdrewet4@census.gov,65ef696bfc13ae07fdcd3682,http://dummyimage.com/222x100.png/dddddd/000000
Jolynn Marcq,9753204296,jmarcq5@prweb.com,65ef696bfc13ae07fdcd3683,http://dummyimage.com/217x100.png/cc0000/ffffff
Jaimie Lorrie,4853577822,jlorrie6@tripod.com,65ef696bfc13ae07fdcd3684,http://dummyimage.com/235x100.png/5fa2dd/ffffff
Lenna Yemm,3263383923,lyemm7@lycos.com,65ef696bfc13ae07fdcd3685,http://dummyimage.com/247x100.png/cc0000/ffffff
Catlin Skrine,3773850424,cskrine8@tmall.com,65ef696bfc13ae07fdcd3686,http://dummyimage.com/119x100.png/dddddd/000000
Brantley Zaple,9514099782,bzaple9@wired.com,65ef696bfc13ae07fdcd3687,http://dummyimage.com/106x100.png/cc0000/ffffff
Mischa Mogie,9313253254,mmogiea@mail.ru,65ef696bfc13ae07fdcd3688,http://dummyimage.com/227x100.png/ff4444/ffffff
Kimbra Lightbown,1131661516,klightbownb@surveymonkey.com,65ef696bfc13ae07fdcd3689,http://dummyimage.com/118x100.png/5fa2dd/ffffff
Ann Bootland,9225377626,abootlandc@economist.com,65ef696bfc13ae07fdcd368a,http://dummyimage.com/207x100.png/5fa2dd/ffffff
Iggy Moyne,7091894522,imoyned@shinystat.com,65ef696bfc13ae07fdcd368b,http://dummyimage.com/137x100.png/5fa2dd/ffffff
Kassie Dunks,9485718116,kdunkse@multiply.com,65ef696bfc13ae07fdcd368c,http://dummyimage.com/110x100.png/cc0000/ffffff
Torrie Devonshire,5265570370,tdevonshiref@goo.gl,65ef696bfc13ae07fdcd368d,http://dummyimage.com/230x100.png/5fa2dd/ffffff
Belicia Jakoubek,9465920576,bjakoubekg@themeforest.net,65ef696bfc13ae07fdcd368e,http://dummyimage.com/241x100.png/ff4444/ffffff
Ethel Fiennes,9862320082,efiennesh@bbb.org,65ef696bfc13ae07fdcd368f,http://dummyimage.com/102x100.png/dddddd/000000
Lou Budnk,1425854686,lbudnki@mozilla.com,65ef696bfc13ae07fdcd3690,http://dummyimage.com/183x100.png/ff4444/ffffff
Brianne Saphir,5968383983,bsaphirj@skype.com,65ef696bfc13ae07fdcd3691,http://dummyimage.com/235x100.png/dddddd/000000
Antonietta Desouza,2815876065,adesouzak@theguardian.com,65ef696bfc13ae07fdcd3692,http://dummyimage.com/109x100.png/ff4444/ffffff
Nicol Paulat,2466025516,npaulatl@imgur.com,65ef696bfc13ae07fdcd3693,http://dummyimage.com/134x100.png/dddddd/000000
Diane Tejero,1411456092,dtejerom@edublogs.org,65ef696bfc13ae07fdcd3694,http://dummyimage.com/219x100.png/5fa2dd/ffffff
Hobey Loughton,7031575359,hloughtonn@ft.com,65ef696bfc13ae07fdcd3695,http://dummyimage.com/184x100.png/ff4444/ffffff
Karlis Vel,2005668433,kvelo@adobe.com,65ef696bfc13ae07fdcd3696,http://dummyimage.com/121x100.png/5fa2dd/ffffff
Alley Blaes,2842635706,ablaesp@webs.com,65ef696bfc13ae07fdcd3697,http://dummyimage.com/108x100.png/ff4444/ffffff
Nerti Tuft,5355112442,ntuftq@symantec.com,65ef696bfc13ae07fdcd3698,http://dummyimage.com/218x100.png/ff4444/ffffff
Rickie Waterfield,9027932047,rwaterfieldr@theguardian.com,65ef696bfc13ae07fdcd3699,http://dummyimage.com/110x100.png/ff4444/ffffff
Kevon Attride,3273021291,kattrides@discuz.net,65ef696bfc13ae07fdcd369a,http://dummyimage.com/222x100.png/5fa2dd/ffffff
Conn Trail,1433561418,ctrailt@dot.gov,65ef696bfc13ae07fdcd369b,http://dummyimage.com/101x100.png/cc0000/ffffff
Anne-marie Deeble,7786011671,adeebleu@forbes.com,65ef696bfc13ae07fdcd369c,http://dummyimage.com/206x100.png/dddddd/000000
Pierre Kolakovic,6809970262,pkolakovicv@japanpost.jp,65ef696bfc13ae07fdcd369d,http://dummyimage.com/104x100.png/dddddd/000000
Bernadine Kimm,1109661298,bkimmw@google.de,65ef696bfc13ae07fdcd369e,http://dummyimage.com/100x100.png/dddddd/000000
Bettine Mastrantone,1666707590,bmastrantonex@zdnet.com,65ef696bfc13ae07fdcd369f,http://dummyimage.com/111x100.png/cc0000/ffffff
Sisely Gingell,8023919319,sgingelly@timesonline.co.uk,65ef696bfc13ae07fdcd36a0,http://dummyimage.com/156x100.png/5fa2dd/ffffff
Raynor Salkeld,6913934191,rsalkeldz@whitehouse.gov,65ef696bfc13ae07fdcd36a1,http://dummyimage.com/118x100.png/cc0000/ffffff
Vidovik Dettmar,7674842464,vdettmar10@posterous.com,65ef696bfc13ae07fdcd36a2,http://dummyimage.com/156x100.png/5fa2dd/ffffff
Sarita Formilli,4076266790,sformilli11@ow.ly,65ef696bfc13ae07fdcd36a3,http://dummyimage.com/168x100.png/dddddd/000000
Norry Haskur,2799951207,nhaskur12@skype.com,65ef696bfc13ae07fdcd36a4,http://dummyimage.com/100x100.png/ff4444/ffffff
Jase Yegorev,8301559550,jyegorev13@slate.com,65ef696bfc13ae07fdcd36a5,http://dummyimage.com/196x100.png/cc0000/ffffff
Tami Sleath,1209463559,tsleath14@naver.com,65ef696bfc13ae07fdcd36a6,http://dummyimage.com/115x100.png/cc0000/ffffff
Torrence Runham,6855314568,trunham15@answers.com,65ef696bfc13ae07fdcd36a7,http://dummyimage.com/233x100.png/5fa2dd/ffffff
Bellanca Crumbleholme,4219859539,bcrumbleholme16@yelp.com,65ef696bfc13ae07fdcd36a8,http://dummyimage.com/103x100.png/ff4444/ffffff
Britney Dooler,3052504287,bdooler17@zdnet.com,65ef696bfc13ae07fdcd36a9,http://dummyimage.com/101x100.png/cc0000/ffffff
Viviene Shilladay,7048795952,vshilladay18@utexas.edu,65ef696bfc13ae07fdcd36aa,http://dummyimage.com/198x100.png/ff4444/ffffff
Lorri Drinkall,9638308561,ldrinkall19@blog.com,65ef696bfc13ae07fdcd36ab,http://dummyimage.com/241x100.png/dddddd/000000
Tommie Pidgin,5137367053,tpidgin1a@barnesandnoble.com,65ef696bfc13ae07fdcd36ac,http://dummyimage.com/179x100.png/ff4444/ffffff
Carey Lynthal,5897358858,clynthal1b@acquirethisname.com,65ef696bfc13ae07fdcd36ad,http://dummyimage.com/218x100.png/dddddd/000000
Thane Worgen,1056473041,tworgen1c@telegraph.co.uk,65ef696bfc13ae07fdcd36ae,http://dummyimage.com/192x100.png/5fa2dd/ffffff
Mia Gott,5435362374,mgott1d@bing.com,65ef696bfc13ae07fdcd36af,http://dummyimage.com/136x100.png/5fa2dd/ffffff
